source,locale,sourceBookKey,externalId,title,format,sizeLabel,label,description,downloadUrl,fileOrder
mukitob,az,mukitob:az:1,1,Lütfün nəsil şəcərəsi,docx,736Kb,docx (736Kb),"DOCX - Microsoft Word proqramında yaradılmış müasir mətn formatıdır. Özündə formalaşdırmanı, təsvirləri, hyperlink, istinadlar saxlayır.",https://mukitob.com/books/az/download.php?id_book=1&f=docx,1
mukitob,az,mukitob:az:1,1,Lütfün nəsil şəcərəsi,epub,2Mb,epub (2Mb),"EPUB - Apple (iPad, iPod, iPhone) firması və Android əsaslı qurğular üçün optimal formatdır. Bura interaktiv mündəricat, təsvirlər, istinadlar daxildir.",https://mukitob.com/books/az/download.php?id_book=1&f=epub,2
mukitob,az,mukitob:az:1,1,Lütfün nəsil şəcərəsi,fb2,2Mb,fb2 (2Mb),"FB2 - elektron kitabların oxunması üçün qurğuların və proqramların məşhur formatıdır. Bura interaktiv mündəricat, təsvirlər, istinadlar daxildir.",https://mukitob.com/books/az/download.php?id_book=1&f=fb2,3
mukitob,az,mukitob:az:1,1,Lütfün nəsil şəcərəsi,pdf,1Mb,pdf (1Mb),PDF - Adobe Systems-in geniş yayılmış formatıdır. Kitab təsvirlərlə birlikdə çap versiyasına bənzəyir. Özündə interaktiv mündəricat saxlayır.,https://mukitob.com/books/az/download.php?id_book=1&f=pdf,4
mukitob,az,mukitob:az:1,1,Lütfün nəsil şəcərəsi,rtf,21Mb,rtf (21Mb),"RTF - qurğuların əksəriyyətində dəstəklənən universal mətn formatıdır. Özündə formalaşdırmanı, təsvirləri, hyperlink, istinadlar saxlayır.",https://mukitob.com/books/az/download.php?id_book=1&f=rtf,5
mukitob,az,mukitob:az:1,1,Lütfün nəsil şəcərəsi,txt,2Mb,txt (2Mb),"TXT - ən sadə formatdır. Məlumat mətn şəklində formalaşdırılmadan, təsvirsiz və hiperlinksiz təqdim olunur. İstənilən qurğuda açılır.",https://mukitob.com/books/az/download.php?id_book=1&f=txt,6
mukitob,az,mukitob:az:2,2,Səadət naminə iztirab,docx,165Kb,docx (165Kb),"DOCX - Microsoft Word proqramında yaradılmış müasir mətn formatıdır. Özündə formalaşdırmanı, təsvirləri, hyperlink, istinadlar saxlayır.",https://mukitob.com/books/az/download.php?id_book=2&f=docx,1
mukitob,az,mukitob:az:2,2,Səadət naminə iztirab,epub,2Mb,epub (2Mb),"EPUB - Apple (iPad, iPod, iPhone) firması və Android əsaslı qurğular üçün optimal formatdır. Bura interaktiv mündəricat, təsvirlər, istinadlar daxildir.",https://mukitob.com/books/az/download.php?id_book=2&f=epub,2
mukitob,az,mukitob:az:2,2,Səadət naminə iztirab,fb2,458Kb,fb2 (458Kb),"FB2 - elektron kitabların oxunması üçün qurğuların və proqramların məşhur formatıdır. Bura interaktiv mündəricat, təsvirlər, istinadlar daxildir.",https://mukitob.com/books/az/download.php?id_book=2&f=fb2,3
mukitob,az,mukitob:az:2,2,Səadət naminə iztirab,pdf,1Mb,pdf (1Mb),PDF - Adobe Systems-in geniş yayılmış formatıdır. Kitab təsvirlərlə birlikdə çap versiyasına bənzəyir. Özündə interaktiv mündəricat saxlayır.,https://mukitob.com/books/az/download.php?id_book=2&f=pdf,4
mukitob,az,mukitob:az:2,2,Səadət naminə iztirab,rtf,802Kb,rtf (802Kb),"RTF - qurğuların əksəriyyətində dəstəklənən universal mətn formatıdır. Özündə formalaşdırmanı, təsvirləri, hyperlink, istinadlar saxlayır.",https://mukitob.com/books/az/download.php?id_book=2&f=rtf,5
mukitob,az,mukitob:az:2,2,Səadət naminə iztirab,txt,443Kb,txt (443Kb),"TXT - ən sadə formatdır. Məlumat mətn şəklində formalaşdırılmadan, təsvirsiz və hiperlinksiz təqdim olunur. İstənilən qurğuda açılır.",https://mukitob.com/books/az/download.php?id_book=2&f=txt,6
mukitob,az,mukitob:az:3,3,Ər duasının gücü,docx,314Kb,docx (314Kb),"DOCX - Microsoft Word proqramında yaradılmış müasir mətn formatıdır. Özündə formalaşdırmanı, təsvirləri, hyperlink, istinadlar saxlayır.",https://mukitob.com/books/az/download.php?id_book=3&f=docx,1
mukitob,az,mukitob:az:3,3,Ər duasının gücü,epub,1Mb,epub (1Mb),"EPUB - Apple (iPad, iPod, iPhone) firması və Android əsaslı qurğular üçün optimal formatdır. Bura interaktiv mündəricat, təsvirlər, istinadlar daxildir.",https://mukitob.com/books/az/download.php?id_book=3&f=epub,2
mukitob,az,mukitob:az:3,3,Ər duasının gücü,fb2,483Kb,fb2 (483Kb),"FB2 - elektron kitabların oxunması üçün qurğuların və proqramların məşhur formatıdır. Bura interaktiv mündəricat, təsvirlər, istinadlar daxildir.",https://mukitob.com/books/az/download.php?id_book=3&f=fb2,3
mukitob,az,mukitob:az:3,3,Ər duasının gücü,pdf,2Mb,pdf (2Mb),PDF - Adobe Systems-in geniş yayılmış formatıdır. Kitab təsvirlərlə birlikdə çap versiyasına bənzəyir. Özündə interaktiv mündəricat saxlayır.,https://mukitob.com/books/az/download.php?id_book=3&f=pdf,4
mukitob,az,mukitob:az:3,3,Ər duasının gücü,rtf,4Mb,rtf (4Mb),"RTF - qurğuların əksəriyyətində dəstəklənən universal mətn formatıdır. Özündə formalaşdırmanı, təsvirləri, hyperlink, istinadlar saxlayır.",https://mukitob.com/books/az/download.php?id_book=3&f=rtf,5
mukitob,az,mukitob:az:3,3,Ər duasının gücü,txt,550Kb,txt (550Kb),"TXT - ən sadə formatdır. Məlumat mətn şəklində formalaşdırılmadan, təsvirsiz və hiperlinksiz təqdim olunur. İstənilən qurğuda açılır.",https://mukitob.com/books/az/download.php?id_book=3&f=txt,6
mukitob,az,mukitob:az:4,4,Düzgün seçim,docx,175Kb,docx (175Kb),"DOCX - Microsoft Word proqramında yaradılmış müasir mətn formatıdır. Özündə formalaşdırmanı, təsvirləri, hyperlink, istinadlar saxlayır.",https://mukitob.com/books/az/download.php?id_book=4&f=docx,1
mukitob,az,mukitob:az:4,4,Düzgün seçim,epub,10Mb,epub (10Mb),"EPUB - Apple (iPad, iPod, iPhone) firması və Android əsaslı qurğular üçün optimal formatdır. Bura interaktiv mündəricat, təsvirlər, istinadlar daxildir.",https://mukitob.com/books/az/download.php?id_book=4&f=epub,2
mukitob,az,mukitob:az:4,4,Düzgün seçim,fb2,17Mb,fb2 (17Mb),"FB2 - elektron kitabların oxunması üçün qurğuların və proqramların məşhur formatıdır. Bura interaktiv mündəricat, təsvirlər, istinadlar daxildir.",https://mukitob.com/books/az/download.php?id_book=4&f=fb2,3
mukitob,az,mukitob:az:4,4,Düzgün seçim,pdf,20Mb,pdf (20Mb),PDF - Adobe Systems-in geniş yayılmış formatıdır. Kitab təsvirlərlə birlikdə çap versiyasına bənzəyir. Özündə interaktiv mündəricat saxlayır.,https://mukitob.com/books/az/download.php?id_book=4&f=pdf,4
mukitob,az,mukitob:az:4,4,Düzgün seçim,rtf,5Mb,rtf (5Mb),"RTF - qurğuların əksəriyyətində dəstəklənən universal mətn formatıdır. Özündə formalaşdırmanı, təsvirləri, hyperlink, istinadlar saxlayır.",https://mukitob.com/books/az/download.php?id_book=4&f=rtf,5
mukitob,az,mukitob:az:4,4,Düzgün seçim,txt,432Kb,txt (432Kb),"TXT - ən sadə formatdır. Məlumat mətn şəklində formalaşdırılmadan, təsvirsiz və hiperlinksiz təqdim olunur. İstənilən qurğuda açılır.",https://mukitob.com/books/az/download.php?id_book=4&f=txt,6
mukitob,az,mukitob:az:4,4,Düzgün seçim,mp3,,mp3,MP3 - audio-faylların qulaq asılması üçün ən geniş yayılmış formatdır.,https://mukitob.com/books/az/audio.php?id_book=4,7
mukitob,az,mukitob:az:5,5,Sarsilmaz,docx,323Kb,docx (323Kb),"DOCX - Microsoft Word proqramında yaradılmış müasir mətn formatıdır. Özündə formalaşdırmanı, təsvirləri, hyperlink, istinadlar saxlayır.",https://mukitob.com/books/az/download.php?id_book=5&f=docx,1
mukitob,az,mukitob:az:5,5,Sarsilmaz,epub,2Mb,epub (2Mb),"EPUB - Apple (iPad, iPod, iPhone) firması və Android əsaslı qurğular üçün optimal formatdır. Bura interaktiv mündəricat, təsvirlər, istinadlar daxildir.",https://mukitob.com/books/az/download.php?id_book=5&f=epub,2
mukitob,az,mukitob:az:5,5,Sarsilmaz,fb2,568Kb,fb2 (568Kb),"FB2 - elektron kitabların oxunması üçün qurğuların və proqramların məşhur formatıdır. Bura interaktiv mündəricat, təsvirlər, istinadlar daxildir.",https://mukitob.com/books/az/download.php?id_book=5&f=fb2,3
mukitob,az,mukitob:az:5,5,Sarsilmaz,pdf,1Mb,pdf (1Mb),PDF - Adobe Systems-in geniş yayılmış formatıdır. Kitab təsvirlərlə birlikdə çap versiyasına bənzəyir. Özündə interaktiv mündəricat saxlayır.,https://mukitob.com/books/az/download.php?id_book=5&f=pdf,4
mukitob,az,mukitob:az:5,5,Sarsilmaz,rtf,7Mb,rtf (7Mb),"RTF - qurğuların əksəriyyətində dəstəklənən universal mətn formatıdır. Özündə formalaşdırmanı, təsvirləri, hyperlink, istinadlar saxlayır.",https://mukitob.com/books/az/download.php?id_book=5&f=rtf,5
mukitob,az,mukitob:az:5,5,Sarsilmaz,txt,725Kb,txt (725Kb),"TXT - ən sadə formatdır. Məlumat mətn şəklində formalaşdırılmadan, təsvirsiz və hiperlinksiz təqdim olunur. İstənilən qurğuda açılır.",https://mukitob.com/books/az/download.php?id_book=5&f=txt,6
mukitob,az,mukitob:az:5,5,Sarsilmaz,mp3,,mp3,MP3 - audio-faylların qulaq asılması üçün ən geniş yayılmış formatdır.,https://mukitob.com/books/az/audio.php?id_book=5,7
mukitob,az,mukitob:az:5,5,Sarsilmaz,mp4,,mp4,MP4 video-fayllara baxmaq üçün geniş yayılmış formatdır.,https://mukitob.com/books/az/video.php?id_book=5,8
mukitob,az,mukitob:az:6,6,"O, yalnız dülgər deyildi",docx,402Kb,docx (402Kb),"DOCX - Microsoft Word proqramında yaradılmış müasir mətn formatıdır. Özündə formalaşdırmanı, təsvirləri, hyperlink, istinadlar saxlayır.",https://mukitob.com/books/az/download.php?id_book=6&f=docx,1
mukitob,az,mukitob:az:6,6,"O, yalnız dülgər deyildi",epub,408Kb,epub (408Kb),"EPUB - Apple (iPad, iPod, iPhone) firması və Android əsaslı qurğular üçün optimal formatdır. Bura interaktiv mündəricat, təsvirlər, istinadlar daxildir.",https://mukitob.com/books/az/download.php?id_book=6&f=epub,2
mukitob,az,mukitob:az:6,6,"O, yalnız dülgər deyildi",fb2,692Kb,fb2 (692Kb),"FB2 - elektron kitabların oxunması üçün qurğuların və proqramların məşhur formatıdır. Bura interaktiv mündəricat, təsvirlər, istinadlar daxildir.",https://mukitob.com/books/az/download.php?id_book=6&f=fb2,3
mukitob,az,mukitob:az:6,6,"O, yalnız dülgər deyildi",pdf,819Kb,pdf (819Kb),PDF - Adobe Systems-in geniş yayılmış formatıdır. Kitab təsvirlərlə birlikdə çap versiyasına bənzəyir. Özündə interaktiv mündəricat saxlayır.,https://mukitob.com/books/az/download.php?id_book=6&f=pdf,4
mukitob,az,mukitob:az:6,6,"O, yalnız dülgər deyildi",rtf,12Mb,rtf (12Mb),"RTF - qurğuların əksəriyyətində dəstəklənən universal mətn formatıdır. Özündə formalaşdırmanı, təsvirləri, hyperlink, istinadlar saxlayır.",https://mukitob.com/books/az/download.php?id_book=6&f=rtf,5
mukitob,az,mukitob:az:6,6,"O, yalnız dülgər deyildi",txt,259Kb,txt (259Kb),"TXT - ən sadə formatdır. Məlumat mətn şəklində formalaşdırılmadan, təsvirsiz və hiperlinksiz təqdim olunur. İstənilən qurğuda açılır.",https://mukitob.com/books/az/download.php?id_book=6&f=txt,6
mukitob,az,mukitob:az:7,7,Dua edən arvadin gücü,docx,347Kb,docx (347Kb),"DOCX - Microsoft Word proqramında yaradılmış müasir mətn formatıdır. Özündə formalaşdırmanı, təsvirləri, hyperlink, istinadlar saxlayır.",https://mukitob.com/books/az/download.php?id_book=7&f=docx,1
mukitob,az,mukitob:az:7,7,Dua edən arvadin gücü,epub,514Kb,epub (514Kb),"EPUB - Apple (iPad, iPod, iPhone) firması və Android əsaslı qurğular üçün optimal formatdır. Bura interaktiv mündəricat, təsvirlər, istinadlar daxildir.",https://mukitob.com/books/az/download.php?id_book=7&f=epub,2
mukitob,az,mukitob:az:7,7,Dua edən arvadin gücü,fb2,604Kb,fb2 (604Kb),"FB2 - elektron kitabların oxunması üçün qurğuların və proqramların məşhur formatıdır. Bura interaktiv mündəricat, təsvirlər, istinadlar daxildir.",https://mukitob.com/books/az/download.php?id_book=7&f=fb2,3
mukitob,az,mukitob:az:7,7,Dua edən arvadin gücü,pdf,2Mb,pdf (2Mb),PDF - Adobe Systems-in geniş yayılmış formatıdır. Kitab təsvirlərlə birlikdə çap versiyasına bənzəyir. Özündə interaktiv mündəricat saxlayır.,https://mukitob.com/books/az/download.php?id_book=7&f=pdf,4
mukitob,az,mukitob:az:7,7,Dua edən arvadin gücü,rtf,5Mb,rtf (5Mb),"RTF - qurğuların əksəriyyətində dəstəklənən universal mətn formatıdır. Özündə formalaşdırmanı, təsvirləri, hyperlink, istinadlar saxlayır.",https://mukitob.com/books/az/download.php?id_book=7&f=rtf,5
mukitob,az,mukitob:az:7,7,Dua edən arvadin gücü,txt,293Kb,txt (293Kb),"TXT - ən sadə formatdır. Məlumat mətn şəklində formalaşdırılmadan, təsvirsiz və hiperlinksiz təqdim olunur. İstənilən qurğuda açılır.",https://mukitob.com/books/az/download.php?id_book=7&f=txt,6
mukitob,az,mukitob:az:8,8,Firtinaya dözmək,docx,512Kb,docx (512Kb),"DOCX - Microsoft Word proqramında yaradılmış müasir mətn formatıdır. Özündə formalaşdırmanı, təsvirləri, hyperlink, istinadlar saxlayır.",https://mukitob.com/books/az/download.php?id_book=8&f=docx,1
mukitob,az,mukitob:az:8,8,Firtinaya dözmək,epub,479Kb,epub (479Kb),"EPUB - Apple (iPad, iPod, iPhone) firması və Android əsaslı qurğular üçün optimal formatdır. Bura interaktiv mündəricat, təsvirlər, istinadlar daxildir.",https://mukitob.com/books/az/download.php?id_book=8&f=epub,2
mukitob,az,mukitob:az:8,8,Firtinaya dözmək,fb2,1Mb,fb2 (1Mb),"FB2 - elektron kitabların oxunması üçün qurğuların və proqramların məşhur formatıdır. Bura interaktiv mündəricat, təsvirlər, istinadlar daxildir.",https://mukitob.com/books/az/download.php?id_book=8&f=fb2,3
mukitob,az,mukitob:az:8,8,Firtinaya dözmək,pdf,5Mb,pdf (5Mb),PDF - Adobe Systems-in geniş yayılmış formatıdır. Kitab təsvirlərlə birlikdə çap versiyasına bənzəyir. Özündə interaktiv mündəricat saxlayır.,https://mukitob.com/books/az/download.php?id_book=8&f=pdf,4
mukitob,az,mukitob:az:8,8,Firtinaya dözmək,rtf,21Mb,rtf (21Mb),"RTF - qurğuların əksəriyyətində dəstəklənən universal mətn formatıdır. Özündə formalaşdırmanı, təsvirləri, hyperlink, istinadlar saxlayır.",https://mukitob.com/books/az/download.php?id_book=8&f=rtf,5
mukitob,az,mukitob:az:8,8,Firtinaya dözmək,txt,783Kb,txt (783Kb),"TXT - ən sadə formatdır. Məlumat mətn şəklində formalaşdırılmadan, təsvirsiz və hiperlinksiz təqdim olunur. İstənilən qurğuda açılır.",https://mukitob.com/books/az/download.php?id_book=8&f=txt,6
mukitob,az,mukitob:az:9,9,Dua edən qadının gücü,docx,334Kb,docx (334Kb),"DOCX - Microsoft Word proqramında yaradılmış müasir mətn formatıdır. Özündə formalaşdırmanı, təsvirləri, hyperlink, istinadlar saxlayır.",https://mukitob.com/books/az/download.php?id_book=9&f=docx,1
mukitob,az,mukitob:az:9,9,Dua edən qadının gücü,epub,2Mb,epub (2Mb),"EPUB - Apple (iPad, iPod, iPhone) firması və Android əsaslı qurğular üçün optimal formatdır. Bura interaktiv mündəricat, təsvirlər, istinadlar daxildir.",https://mukitob.com/books/az/download.php?id_book=9&f=epub,2
mukitob,az,mukitob:az:9,9,Dua edən qadının gücü,fb2,549Kb,fb2 (549Kb),"FB2 - elektron kitabların oxunması üçün qurğuların və proqramların məşhur formatıdır. Bura interaktiv mündəricat, təsvirlər, istinadlar daxildir.",https://mukitob.com/books/az/download.php?id_book=9&f=fb2,3
mukitob,az,mukitob:az:9,9,Dua edən qadının gücü,pdf,2Mb,pdf (2Mb),PDF - Adobe Systems-in geniş yayılmış formatıdır. Kitab təsvirlərlə birlikdə çap versiyasına bənzəyir. Özündə interaktiv mündəricat saxlayır.,https://mukitob.com/books/az/download.php?id_book=9&f=pdf,4
mukitob,az,mukitob:az:9,9,Dua edən qadının gücü,rtf,4Mb,rtf (4Mb),"RTF - qurğuların əksəriyyətində dəstəklənən universal mətn formatıdır. Özündə formalaşdırmanı, təsvirləri, hyperlink, istinadlar saxlayır.",https://mukitob.com/books/az/download.php?id_book=9&f=rtf,5
mukitob,az,mukitob:az:9,9,Dua edən qadının gücü,txt,666Kb,txt (666Kb),"TXT - ən sadə formatdır. Məlumat mətn şəklində formalaşdırılmadan, təsvirsiz və hiperlinksiz təqdim olunur. İstənilən qurğuda açılır.",https://mukitob.com/books/az/download.php?id_book=9&f=txt,6
mukitob,az,mukitob:az:10,10,Yaralanmiş ürək,docx,646Kb,docx (646Kb),"DOCX - Microsoft Word proqramında yaradılmış müasir mətn formatıdır. Özündə formalaşdırmanı, təsvirləri, hyperlink, istinadlar saxlayır.",https://mukitob.com/books/az/download.php?id_book=10&f=docx,1
mukitob,az,mukitob:az:10,10,Yaralanmiş ürək,epub,814Kb,epub (814Kb),"EPUB - Apple (iPad, iPod, iPhone) firması və Android əsaslı qurğular üçün optimal formatdır. Bura interaktiv mündəricat, təsvirlər, istinadlar daxildir.",https://mukitob.com/books/az/download.php?id_book=10&f=epub,2
mukitob,az,mukitob:az:10,10,Yaralanmiş ürək,fb2,1Mb,fb2 (1Mb),"FB2 - elektron kitabların oxunması üçün qurğuların və proqramların məşhur formatıdır. Bura interaktiv mündəricat, təsvirlər, istinadlar daxildir.",https://mukitob.com/books/az/download.php?id_book=10&f=fb2,3
mukitob,az,mukitob:az:10,10,Yaralanmiş ürək,pdf,5Mb,pdf (5Mb),PDF - Adobe Systems-in geniş yayılmış formatıdır. Kitab təsvirlərlə birlikdə çap versiyasına bənzəyir. Özündə interaktiv mündəricat saxlayır.,https://mukitob.com/books/az/download.php?id_book=10&f=pdf,4
mukitob,az,mukitob:az:10,10,Yaralanmiş ürək,rtf,7Mb,rtf (7Mb),"RTF - qurğuların əksəriyyətində dəstəklənən universal mətn formatıdır. Özündə formalaşdırmanı, təsvirləri, hyperlink, istinadlar saxlayır.",https://mukitob.com/books/az/download.php?id_book=10&f=rtf,5
mukitob,az,mukitob:az:10,10,Yaralanmiş ürək,txt,677Kb,txt (677Kb),"TXT - ən sadə formatdır. Məlumat mətn şəklində formalaşdırılmadan, təsvirsiz və hiperlinksiz təqdim olunur. İstənilən qurğuda açılır.",https://mukitob.com/books/az/download.php?id_book=10&f=txt,6
mukitob,az,mukitob:az:11,11,Uydurmalar və həqiqət,docx,198Kb,docx (198Kb),"DOCX - Microsoft Word proqramında yaradılmış müasir mətn formatıdır. Özündə formalaşdırmanı, təsvirləri, hyperlink, istinadlar saxlayır.",https://mukitob.com/books/az/download.php?id_book=11&f=docx,1
mukitob,az,mukitob:az:11,11,Uydurmalar və həqiqət,epub,3Mb,epub (3Mb),"EPUB - Apple (iPad, iPod, iPhone) firması və Android əsaslı qurğular üçün optimal formatdır. Bura interaktiv mündəricat, təsvirlər, istinadlar daxildir.",https://mukitob.com/books/az/download.php?id_book=11&f=epub,2
mukitob,az,mukitob:az:11,11,Uydurmalar və həqiqət,fb2,4Mb,fb2 (4Mb),"FB2 - elektron kitabların oxunması üçün qurğuların və proqramların məşhur formatıdır. Bura interaktiv mündəricat, təsvirlər, istinadlar daxildir.",https://mukitob.com/books/az/download.php?id_book=11&f=fb2,3
mukitob,az,mukitob:az:11,11,Uydurmalar və həqiqət,pdf,11Mb,pdf (11Mb),PDF - Adobe Systems-in geniş yayılmış formatıdır. Kitab təsvirlərlə birlikdə çap versiyasına bənzəyir. Özündə interaktiv mündəricat saxlayır.,https://mukitob.com/books/az/download.php?id_book=11&f=pdf,4
mukitob,az,mukitob:az:11,11,Uydurmalar və həqiqət,rtf,4Mb,rtf (4Mb),"RTF - qurğuların əksəriyyətində dəstəklənən universal mətn formatıdır. Özündə formalaşdırmanı, təsvirləri, hyperlink, istinadlar saxlayır.",https://mukitob.com/books/az/download.php?id_book=11&f=rtf,5
mukitob,az,mukitob:az:11,11,Uydurmalar və həqiqət,txt,390Kb,txt (390Kb),"TXT - ən sadə formatdır. Məlumat mətn şəklində formalaşdırılmadan, təsvirsiz və hiperlinksiz təqdim olunur. İstənilən qurğuda açılır.",https://mukitob.com/books/az/download.php?id_book=11&f=txt,6
mukitob,az,mukitob:az:12,12,Qadınların inandığı yalan,docx,590Kb,docx (590Kb),"DOCX - Microsoft Word proqramında yaradılmış müasir mətn formatıdır. Özündə formalaşdırmanı, təsvirləri, hyperlink, istinadlar saxlayır.",https://mukitob.com/books/az/download.php?id_book=12&f=docx,1
mukitob,az,mukitob:az:12,12,Qadınların inandığı yalan,epub,535Kb,epub (535Kb),"EPUB - Apple (iPad, iPod, iPhone) firması və Android əsaslı qurğular üçün optimal formatdır. Bura interaktiv mündəricat, təsvirlər, istinadlar daxildir.",https://mukitob.com/books/az/download.php?id_book=12&f=epub,2
mukitob,az,mukitob:az:12,12,Qadınların inandığı yalan,fb2,983Kb,fb2 (983Kb),"FB2 - elektron kitabların oxunması üçün qurğuların və proqramların məşhur formatıdır. Bura interaktiv mündəricat, təsvirlər, istinadlar daxildir.",https://mukitob.com/books/az/download.php?id_book=12&f=fb2,3
mukitob,az,mukitob:az:12,12,Qadınların inandığı yalan,pdf,2Mb,pdf (2Mb),PDF - Adobe Systems-in geniş yayılmış formatıdır. Kitab təsvirlərlə birlikdə çap versiyasına bənzəyir. Özündə interaktiv mündəricat saxlayır.,https://mukitob.com/books/az/download.php?id_book=12&f=pdf,4
mukitob,az,mukitob:az:12,12,Qadınların inandığı yalan,rtf,10Mb,rtf (10Mb),"RTF - qurğuların əksəriyyətində dəstəklənən universal mətn formatıdır. Özündə formalaşdırmanı, təsvirləri, hyperlink, istinadlar saxlayır.",https://mukitob.com/books/az/download.php?id_book=12&f=rtf,5
mukitob,az,mukitob:az:12,12,Qadınların inandığı yalan,txt,472Kb,txt (472Kb),"TXT - ən sadə formatdır. Məlumat mətn şəklində formalaşdırılmadan, təsvirsiz və hiperlinksiz təqdim olunur. İstənilən qurğuda açılır.",https://mukitob.com/books/az/download.php?id_book=12&f=txt,6
mukitob,az,mukitob:az:13,13,Şahid,docx,309Kb,docx (309Kb),"DOCX - Microsoft Word proqramında yaradılmış müasir mətn formatıdır. Özündə formalaşdırmanı, təsvirləri, hyperlink, istinadlar saxlayır.",https://mukitob.com/books/az/download.php?id_book=13&f=docx,1
mukitob,az,mukitob:az:13,13,Şahid,epub,2Mb,epub (2Mb),"EPUB - Apple (iPad, iPod, iPhone) firması və Android əsaslı qurğular üçün optimal formatdır. Bura interaktiv mündəricat, təsvirlər, istinadlar daxildir.",https://mukitob.com/books/az/download.php?id_book=13&f=epub,2
mukitob,az,mukitob:az:13,13,Şahid,fb2,510Kb,fb2 (510Kb),"FB2 - elektron kitabların oxunması üçün qurğuların və proqramların məşhur formatıdır. Bura interaktiv mündəricat, təsvirlər, istinadlar daxildir.",https://mukitob.com/books/az/download.php?id_book=13&f=fb2,3
mukitob,az,mukitob:az:13,13,Şahid,pdf,736Kb,pdf (736Kb),PDF - Adobe Systems-in geniş yayılmış formatıdır. Kitab təsvirlərlə birlikdə çap versiyasına bənzəyir. Özündə interaktiv mündəricat saxlayır.,https://mukitob.com/books/az/download.php?id_book=13&f=pdf,4
mukitob,az,mukitob:az:13,13,Şahid,rtf,6Mb,rtf (6Mb),"RTF - qurğuların əksəriyyətində dəstəklənən universal mətn formatıdır. Özündə formalaşdırmanı, təsvirləri, hyperlink, istinadlar saxlayır.",https://mukitob.com/books/az/download.php?id_book=13&f=rtf,5
mukitob,az,mukitob:az:13,13,Şahid,txt,619Kb,txt (619Kb),"TXT - ən sadə formatdır. Məlumat mətn şəklində formalaşdırılmadan, təsvirsiz və hiperlinksiz təqdim olunur. İstənilən qurğuda açılır.",https://mukitob.com/books/az/download.php?id_book=13&f=txt,6
mukitob,az,mukitob:az:13,13,Şahid,mp3,,mp3,MP3 - audio-faylların qulaq asılması üçün ən geniş yayılmış formatdır.,https://mukitob.com/books/az/audio.php?id_book=13,7
mukitob,az,mukitob:az:14,14,Valideyn duasının gücü,docx,283Kb,docx (283Kb),"DOCX - Microsoft Word proqramında yaradılmış müasir mətn formatıdır. Özündə formalaşdırmanı, təsvirləri, hyperlink, istinadlar saxlayır.",https://mukitob.com/books/az/download.php?id_book=14&f=docx,1
mukitob,az,mukitob:az:14,14,Valideyn duasının gücü,epub,1Mb,epub (1Mb),"EPUB - Apple (iPad, iPod, iPhone) firması və Android əsaslı qurğular üçün optimal formatdır. Bura interaktiv mündəricat, təsvirlər, istinadlar daxildir.",https://mukitob.com/books/az/download.php?id_book=14&f=epub,2
mukitob,az,mukitob:az:14,14,Valideyn duasının gücü,fb2,407Kb,fb2 (407Kb),"FB2 - elektron kitabların oxunması üçün qurğuların və proqramların məşhur formatıdır. Bura interaktiv mündəricat, təsvirlər, istinadlar daxildir.",https://mukitob.com/books/az/download.php?id_book=14&f=fb2,3
mukitob,az,mukitob:az:14,14,Valideyn duasının gücü,pdf,2Mb,pdf (2Mb),PDF - Adobe Systems-in geniş yayılmış formatıdır. Kitab təsvirlərlə birlikdə çap versiyasına bənzəyir. Özündə interaktiv mündəricat saxlayır.,https://mukitob.com/books/az/download.php?id_book=14&f=pdf,4
mukitob,az,mukitob:az:14,14,Valideyn duasının gücü,rtf,6Mb,rtf (6Mb),"RTF - qurğuların əksəriyyətində dəstəklənən universal mətn formatıdır. Özündə formalaşdırmanı, təsvirləri, hyperlink, istinadlar saxlayır.",https://mukitob.com/books/az/download.php?id_book=14&f=rtf,5
mukitob,az,mukitob:az:14,14,Valideyn duasının gücü,txt,450Kb,txt (450Kb),"TXT - ən sadə formatdır. Məlumat mətn şəklində formalaşdırılmadan, təsvirsiz və hiperlinksiz təqdim olunur. İstənilən qurğuda açılır.",https://mukitob.com/books/az/download.php?id_book=14&f=txt,6
mukitob,az,mukitob:az:15,15,Tanri qaçaqmalçisinin duasi,docx,378Kb,docx (378Kb),"DOCX - Microsoft Word proqramında yaradılmış müasir mətn formatıdır. Özündə formalaşdırmanı, təsvirləri, hyperlink, istinadlar saxlayır.",https://mukitob.com/books/az/download.php?id_book=15&f=docx,1
mukitob,az,mukitob:az:15,15,Tanri qaçaqmalçisinin duasi,epub,2Mb,epub (2Mb),"EPUB - Apple (iPad, iPod, iPhone) firması və Android əsaslı qurğular üçün optimal formatdır. Bura interaktiv mündəricat, təsvirlər, istinadlar daxildir.",https://mukitob.com/books/az/download.php?id_book=15&f=epub,2
mukitob,az,mukitob:az:15,15,Tanri qaçaqmalçisinin duasi,fb2,2Mb,fb2 (2Mb),"FB2 - elektron kitabların oxunması üçün qurğuların və proqramların məşhur formatıdır. Bura interaktiv mündəricat, təsvirlər, istinadlar daxildir.",https://mukitob.com/books/az/download.php?id_book=15&f=fb2,3
mukitob,az,mukitob:az:15,15,Tanri qaçaqmalçisinin duasi,pdf,2Mb,pdf (2Mb),PDF - Adobe Systems-in geniş yayılmış formatıdır. Kitab təsvirlərlə birlikdə çap versiyasına bənzəyir. Özündə interaktiv mündəricat saxlayır.,https://mukitob.com/books/az/download.php?id_book=15&f=pdf,4
mukitob,az,mukitob:az:15,15,Tanri qaçaqmalçisinin duasi,rtf,9Mb,rtf (9Mb),"RTF - qurğuların əksəriyyətində dəstəklənən universal mətn formatıdır. Özündə formalaşdırmanı, təsvirləri, hyperlink, istinadlar saxlayır.",https://mukitob.com/books/az/download.php?id_book=15&f=rtf,5
mukitob,az,mukitob:az:15,15,Tanri qaçaqmalçisinin duasi,txt,901Kb,txt (901Kb),"TXT - ən sadə formatdır. Məlumat mətn şəklində formalaşdırılmadan, təsvirsiz və hiperlinksiz təqdim olunur. İstənilən qurğuda açılır.",https://mukitob.com/books/az/download.php?id_book=15&f=txt,6
mukitob,az,mukitob:az:16,16,Məsih üçün dünyanı dəyişərək,docx,196Kb,docx (196Kb),"DOCX - Microsoft Word proqramında yaradılmış müasir mətn formatıdır. Özündə formalaşdırmanı, təsvirləri, hyperlink, istinadlar saxlayır.",https://mukitob.com/books/az/download.php?id_book=16&f=docx,1
mukitob,az,mukitob:az:16,16,Məsih üçün dünyanı dəyişərək,epub,2Mb,epub (2Mb),"EPUB - Apple (iPad, iPod, iPhone) firması və Android əsaslı qurğular üçün optimal formatdır. Bura interaktiv mündəricat, təsvirlər, istinadlar daxildir.",https://mukitob.com/books/az/download.php?id_book=16&f=epub,2
mukitob,az,mukitob:az:16,16,Məsih üçün dünyanı dəyişərək,fb2,1Mb,fb2 (1Mb),"FB2 - elektron kitabların oxunması üçün qurğuların və proqramların məşhur formatıdır. Bura interaktiv mündəricat, təsvirlər, istinadlar daxildir.",https://mukitob.com/books/az/download.php?id_book=16&f=fb2,3
mukitob,az,mukitob:az:16,16,Məsih üçün dünyanı dəyişərək,pdf,1Mb,pdf (1Mb),PDF - Adobe Systems-in geniş yayılmış formatıdır. Kitab təsvirlərlə birlikdə çap versiyasına bənzəyir. Özündə interaktiv mündəricat saxlayır.,https://mukitob.com/books/az/download.php?id_book=16&f=pdf,4
mukitob,az,mukitob:az:16,16,Məsih üçün dünyanı dəyişərək,rtf,5Mb,rtf (5Mb),"RTF - qurğuların əksəriyyətində dəstəklənən universal mətn formatıdır. Özündə formalaşdırmanı, təsvirləri, hyperlink, istinadlar saxlayır.",https://mukitob.com/books/az/download.php?id_book=16&f=rtf,5
mukitob,az,mukitob:az:16,16,Məsih üçün dünyanı dəyişərək,txt,477Kb,txt (477Kb),"TXT - ən sadə formatdır. Məlumat mətn şəklində formalaşdırılmadan, təsvirsiz və hiperlinksiz təqdim olunur. İstənilən qurğuda açılır.",https://mukitob.com/books/az/download.php?id_book=16&f=txt,6
mukitob,az,mukitob:az:17,17,Sevgi̇ və hörmət,docx,851Kb,docx (851Kb),"DOCX - Microsoft Word proqramında yaradılmış müasir mətn formatıdır. Özündə formalaşdırmanı, təsvirləri, hyperlink, istinadlar saxlayır.",https://mukitob.com/books/az/download.php?id_book=17&f=docx,1
mukitob,az,mukitob:az:17,17,Sevgi̇ və hörmət,fb2,2Mb,fb2 (2Mb),"FB2 - elektron kitabların oxunması üçün qurğuların və proqramların məşhur formatıdır. Bura interaktiv mündəricat, təsvirlər, istinadlar daxildir.",https://mukitob.com/books/az/download.php?id_book=17&f=fb2,2
mukitob,az,mukitob:az:17,17,Sevgi̇ və hörmət,pdf,2Mb,pdf (2Mb),PDF - Adobe Systems-in geniş yayılmış formatıdır. Kitab təsvirlərlə birlikdə çap versiyasına bənzəyir. Özündə interaktiv mündəricat saxlayır.,https://mukitob.com/books/az/download.php?id_book=17&f=pdf,3
mukitob,az,mukitob:az:17,17,Sevgi̇ və hörmət,rtf,10Mb,rtf (10Mb),"RTF - qurğuların əksəriyyətində dəstəklənən universal mətn formatıdır. Özündə formalaşdırmanı, təsvirləri, hyperlink, istinadlar saxlayır.",https://mukitob.com/books/az/download.php?id_book=17&f=rtf,4
mukitob,az,mukitob:az:17,17,Sevgi̇ və hörmət,txt,671Kb,txt (671Kb),"TXT - ən sadə formatdır. Məlumat mətn şəklində formalaşdırılmadan, təsvirsiz və hiperlinksiz təqdim olunur. İstənilən qurğuda açılır.",https://mukitob.com/books/az/download.php?id_book=17&f=txt,5
mukitob,az,mukitob:az:17,17,Sevgi̇ və hörmət,epub,1Mb,epub (1Mb),"EPUB - Apple (iPad, iPod, iPhone) firması və Android əsaslı qurğular üçün optimal formatdır. Bura interaktiv mündəricat, təsvirlər, istinadlar daxildir.",https://mukitob.com/books/az/download.php?id_book=17&f=epub,6
mukitob,az,mukitob:az:17,17,Sevgi̇ və hörmət,mp3,,mp3,MP3 - audio-faylların qulaq asılması üçün ən geniş yayılmış formatdır.,https://mukitob.com/books/az/audio.php?id_book=17,7
mukitob,az,mukitob:az:18,18,Tarixin gedişatini dəyişmiş sübut,docx,114Kb,docx (114Kb),"DOCX - Microsoft Word proqramında yaradılmış müasir mətn formatıdır. Özündə formalaşdırmanı, təsvirləri, hyperlink, istinadlar saxlayır.",https://mukitob.com/books/az/download.php?id_book=18&f=docx,1
mukitob,az,mukitob:az:18,18,Tarixin gedişatini dəyişmiş sübut,epub,2Mb,epub (2Mb),"EPUB - Apple (iPad, iPod, iPhone) firması və Android əsaslı qurğular üçün optimal formatdır. Bura interaktiv mündəricat, təsvirlər, istinadlar daxildir.",https://mukitob.com/books/az/download.php?id_book=18&f=epub,2
mukitob,az,mukitob:az:18,18,Tarixin gedişatini dəyişmiş sübut,fb2,291Kb,fb2 (291Kb),"FB2 - elektron kitabların oxunması üçün qurğuların və proqramların məşhur formatıdır. Bura interaktiv mündəricat, təsvirlər, istinadlar daxildir.",https://mukitob.com/books/az/download.php?id_book=18&f=fb2,3
mukitob,az,mukitob:az:18,18,Tarixin gedişatini dəyişmiş sübut,pdf,977Kb,pdf (977Kb),PDF - Adobe Systems-in geniş yayılmış formatıdır. Kitab təsvirlərlə birlikdə çap versiyasına bənzəyir. Özündə interaktiv mündəricat saxlayır.,https://mukitob.com/books/az/download.php?id_book=18&f=pdf,4
mukitob,az,mukitob:az:18,18,Tarixin gedişatini dəyişmiş sübut,rtf,942Kb,rtf (942Kb),"RTF - qurğuların əksəriyyətində dəstəklənən universal mətn formatıdır. Özündə formalaşdırmanı, təsvirləri, hyperlink, istinadlar saxlayır.",https://mukitob.com/books/az/download.php?id_book=18&f=rtf,5
mukitob,az,mukitob:az:18,18,Tarixin gedişatini dəyişmiş sübut,txt,155Kb,txt (155Kb),"TXT - ən sadə formatdır. Məlumat mətn şəklində formalaşdırılmadan, təsvirsiz və hiperlinksiz təqdim olunur. İstənilən qurğuda açılır.",https://mukitob.com/books/az/download.php?id_book=18&f=txt,6
mukitob,az,mukitob:az:19,19,Uşaqlara dua etməyi necə öyrətməli,docx,292Kb,docx (292Kb),"DOCX - Microsoft Word proqramında yaradılmış müasir mətn formatıdır. Özündə formalaşdırmanı, təsvirləri, hyperlink, istinadlar saxlayır.",https://mukitob.com/books/az/download.php?id_book=19&f=docx,1
mukitob,az,mukitob:az:19,19,Uşaqlara dua etməyi necə öyrətməli,epub,1Mb,epub (1Mb),"EPUB - Apple (iPad, iPod, iPhone) firması və Android əsaslı qurğular üçün optimal formatdır. Bura interaktiv mündəricat, təsvirlər, istinadlar daxildir.",https://mukitob.com/books/az/download.php?id_book=19&f=epub,2
mukitob,az,mukitob:az:19,19,Uşaqlara dua etməyi necə öyrətməli,fb2,661Kb,fb2 (661Kb),"FB2 - elektron kitabların oxunması üçün qurğuların və proqramların məşhur formatıdır. Bura interaktiv mündəricat, təsvirlər, istinadlar daxildir.",https://mukitob.com/books/az/download.php?id_book=19&f=fb2,3
mukitob,az,mukitob:az:19,19,Uşaqlara dua etməyi necə öyrətməli,pdf,1Mb,pdf (1Mb),PDF - Adobe Systems-in geniş yayılmış formatıdır. Kitab təsvirlərlə birlikdə çap versiyasına bənzəyir. Özündə interaktiv mündəricat saxlayır.,https://mukitob.com/books/az/download.php?id_book=19&f=pdf,4
mukitob,az,mukitob:az:19,19,Uşaqlara dua etməyi necə öyrətməli,rtf,6Mb,rtf (6Mb),"RTF - qurğuların əksəriyyətində dəstəklənən universal mətn formatıdır. Özündə formalaşdırmanı, təsvirləri, hyperlink, istinadlar saxlayır.",https://mukitob.com/books/az/download.php?id_book=19&f=rtf,5
mukitob,az,mukitob:az:19,19,Uşaqlara dua etməyi necə öyrətməli,txt,687Kb,txt (687Kb),"TXT - ən sadə formatdır. Məlumat mətn şəklində formalaşdırılmadan, təsvirsiz və hiperlinksiz təqdim olunur. İstənilən qurğuda açılır.",https://mukitob.com/books/az/download.php?id_book=19&f=txt,6
mukitob,az,mukitob:az:20,20,Sən bacararsan,docx,404Kb,docx (404Kb),"DOCX - Microsoft Word proqramında yaradılmış müasir mətn formatıdır. Özündə formalaşdırmanı, təsvirləri, hyperlink, istinadlar saxlayır.",https://mukitob.com/books/az/download.php?id_book=20&f=docx,1
mukitob,az,mukitob:az:20,20,Sən bacararsan,epub,574Kb,epub (574Kb),"EPUB - Apple (iPad, iPod, iPhone) firması və Android əsaslı qurğular üçün optimal formatdır. Bura interaktiv mündəricat, təsvirlər, istinadlar daxildir.",https://mukitob.com/books/az/download.php?id_book=20&f=epub,2
mukitob,az,mukitob:az:20,20,Sən bacararsan,fb2,878Kb,fb2 (878Kb),"FB2 - elektron kitabların oxunması üçün qurğuların və proqramların məşhur formatıdır. Bura interaktiv mündəricat, təsvirlər, istinadlar daxildir.",https://mukitob.com/books/az/download.php?id_book=20&f=fb2,3
mukitob,az,mukitob:az:20,20,Sən bacararsan,pdf,3Mb,pdf (3Mb),PDF - Adobe Systems-in geniş yayılmış formatıdır. Kitab təsvirlərlə birlikdə çap versiyasına bənzəyir. Özündə interaktiv mündəricat saxlayır.,https://mukitob.com/books/az/download.php?id_book=20&f=pdf,4
mukitob,az,mukitob:az:20,20,Sən bacararsan,rtf,12Mb,rtf (12Mb),"RTF - qurğuların əksəriyyətində dəstəklənən universal mətn formatıdır. Özündə formalaşdırmanı, təsvirləri, hyperlink, istinadlar saxlayır.",https://mukitob.com/books/az/download.php?id_book=20&f=rtf,5
mukitob,az,mukitob:az:20,20,Sən bacararsan,txt,370Kb,txt (370Kb),"TXT - ən sadə formatdır. Məlumat mətn şəklində formalaşdırılmadan, təsvirsiz və hiperlinksiz təqdim olunur. İstənilən qurğuda açılır.",https://mukitob.com/books/az/download.php?id_book=20&f=txt,6
mukitob,az,mukitob:az:21,21,Mələyin danışdığı hekayə,docx,168Kb,docx (168Kb),"DOCX - Microsoft Word proqramında yaradılmış müasir mətn formatıdır. Özündə formalaşdırmanı, təsvirləri, hyperlink, istinadlar saxlayır.",https://mukitob.com/books/az/download.php?id_book=21&f=docx,1
mukitob,az,mukitob:az:21,21,Mələyin danışdığı hekayə,epub,953Kb,epub (953Kb),"EPUB - Apple (iPad, iPod, iPhone) firması və Android əsaslı qurğular üçün optimal formatdır. Bura interaktiv mündəricat, təsvirlər, istinadlar daxildir.",https://mukitob.com/books/az/download.php?id_book=21&f=epub,2
mukitob,az,mukitob:az:21,21,Mələyin danışdığı hekayə,fb2,297Kb,fb2 (297Kb),"FB2 - elektron kitabların oxunması üçün qurğuların və proqramların məşhur formatıdır. Bura interaktiv mündəricat, təsvirlər, istinadlar daxildir.",https://mukitob.com/books/az/download.php?id_book=21&f=fb2,3
mukitob,az,mukitob:az:21,21,Mələyin danışdığı hekayə,pdf,3Mb,pdf (3Mb),PDF - Adobe Systems-in geniş yayılmış formatıdır. Kitab təsvirlərlə birlikdə çap versiyasına bənzəyir. Özündə interaktiv mündəricat saxlayır.,https://mukitob.com/books/az/download.php?id_book=21&f=pdf,4
mukitob,az,mukitob:az:21,21,Mələyin danışdığı hekayə,rtf,2Mb,rtf (2Mb),"RTF - qurğuların əksəriyyətində dəstəklənən universal mətn formatıdır. Özündə formalaşdırmanı, təsvirləri, hyperlink, istinadlar saxlayır.",https://mukitob.com/books/az/download.php?id_book=21&f=rtf,5
mukitob,az,mukitob:az:21,21,Mələyin danışdığı hekayə,txt,117Kb,txt (117Kb),"TXT - ən sadə formatdır. Məlumat mətn şəklində formalaşdırılmadan, təsvirsiz və hiperlinksiz təqdim olunur. İstənilən qurğuda açılır.",https://mukitob.com/books/az/download.php?id_book=21&f=txt,6
mukitob,az,mukitob:az:22,22,Məsihçiliyin əsasi,docx,179Kb,docx (179Kb),"DOCX - Microsoft Word proqramında yaradılmış müasir mətn formatıdır. Özündə formalaşdırmanı, təsvirləri, hyperlink, istinadlar saxlayır.",https://mukitob.com/books/az/download.php?id_book=22&f=docx,1
mukitob,az,mukitob:az:22,22,Məsihçiliyin əsasi,epub,958Kb,epub (958Kb),"EPUB - Apple (iPad, iPod, iPhone) firması və Android əsaslı qurğular üçün optimal formatdır. Bura interaktiv mündəricat, təsvirlər, istinadlar daxildir.",https://mukitob.com/books/az/download.php?id_book=22&f=epub,2
mukitob,az,mukitob:az:22,22,Məsihçiliyin əsasi,fb2,369Kb,fb2 (369Kb),"FB2 - elektron kitabların oxunması üçün qurğuların və proqramların məşhur formatıdır. Bura interaktiv mündəricat, təsvirlər, istinadlar daxildir.",https://mukitob.com/books/az/download.php?id_book=22&f=fb2,3
mukitob,az,mukitob:az:22,22,Məsihçiliyin əsasi,pdf,4Mb,pdf (4Mb),PDF - Adobe Systems-in geniş yayılmış formatıdır. Kitab təsvirlərlə birlikdə çap versiyasına bənzəyir. Özündə interaktiv mündəricat saxlayır.,https://mukitob.com/books/az/download.php?id_book=22&f=pdf,4
mukitob,az,mukitob:az:22,22,Məsihçiliyin əsasi,rtf,5Mb,rtf (5Mb),"RTF - qurğuların əksəriyyətində dəstəklənən universal mətn formatıdır. Özündə formalaşdırmanı, təsvirləri, hyperlink, istinadlar saxlayır.",https://mukitob.com/books/az/download.php?id_book=22&f=rtf,5
mukitob,az,mukitob:az:22,22,Məsihçiliyin əsasi,txt,496Kb,txt (496Kb),"TXT - ən sadə formatdır. Məlumat mətn şəklində formalaşdırılmadan, təsvirsiz və hiperlinksiz təqdim olunur. İstənilən qurğuda açılır.",https://mukitob.com/books/az/download.php?id_book=22&f=txt,6
mukitob,az,mukitob:az:23,23,Allahın müqəddəsliji,docx,210Kb,docx (210Kb),"DOCX - Microsoft Word proqramında yaradılmış müasir mətn formatıdır. Özündə formalaşdırmanı, təsvirləri, hyperlink, istinadlar saxlayır.",https://mukitob.com/books/az/download.php?id_book=23&f=docx,1
mukitob,az,mukitob:az:23,23,Allahın müqəddəsliji,epub,1Mb,epub (1Mb),"EPUB - Apple (iPad, iPod, iPhone) firması və Android əsaslı qurğular üçün optimal formatdır. Bura interaktiv mündəricat, təsvirlər, istinadlar daxildir.",https://mukitob.com/books/az/download.php?id_book=23&f=epub,2
mukitob,az,mukitob:az:23,23,Allahın müqəddəsliji,fb2,553Kb,fb2 (553Kb),"FB2 - elektron kitabların oxunması üçün qurğuların və proqramların məşhur formatıdır. Bura interaktiv mündəricat, təsvirlər, istinadlar daxildir.",https://mukitob.com/books/az/download.php?id_book=23&f=fb2,3
mukitob,az,mukitob:az:23,23,Allahın müqəddəsliji,pdf,2Mb,pdf (2Mb),PDF - Adobe Systems-in geniş yayılmış formatıdır. Kitab təsvirlərlə birlikdə çap versiyasına bənzəyir. Özündə interaktiv mündəricat saxlayır.,https://mukitob.com/books/az/download.php?id_book=23&f=pdf,4
mukitob,az,mukitob:az:23,23,Allahın müqəddəsliji,rtf,7Mb,rtf (7Mb),"RTF - qurğuların əksəriyyətində dəstəklənən universal mətn formatıdır. Özündə formalaşdırmanı, təsvirləri, hyperlink, istinadlar saxlayır.",https://mukitob.com/books/az/download.php?id_book=23&f=rtf,5
mukitob,az,mukitob:az:23,23,Allahın müqəddəsliji,txt,646Kb,txt (646Kb),"TXT - ən sadə formatdır. Məlumat mətn şəklində formalaşdırılmadan, təsvirsiz və hiperlinksiz təqdim olunur. İstənilən qurğuda açılır.",https://mukitob.com/books/az/download.php?id_book=23&f=txt,6
mukitob,az,mukitob:az:24,24,Sənin Zirvələrinə yol,docx,6Mb,docx (6Mb),"DOCX - Microsoft Word proqramında yaradılmış müasir mətn formatıdır. Özündə formalaşdırmanı, təsvirləri, hyperlink, istinadlar saxlayır.",https://mukitob.com/books/az/download.php?id_book=24&f=docx,1
mukitob,az,mukitob:az:24,24,Sənin Zirvələrinə yol,epub,2Mb,epub (2Mb),"EPUB - Apple (iPad, iPod, iPhone) firması və Android əsaslı qurğular üçün optimal formatdır. Bura interaktiv mündəricat, təsvirlər, istinadlar daxildir.",https://mukitob.com/books/az/download.php?id_book=24&f=epub,2
mukitob,az,mukitob:az:24,24,Sənin Zirvələrinə yol,fb2,3Mb,fb2 (3Mb),"FB2 - elektron kitabların oxunması üçün qurğuların və proqramların məşhur formatıdır. Bura interaktiv mündəricat, təsvirlər, istinadlar daxildir.",https://mukitob.com/books/az/download.php?id_book=24&f=fb2,3
mukitob,az,mukitob:az:24,24,Sənin Zirvələrinə yol,pdf,7Mb,pdf (7Mb),PDF - Adobe Systems-in geniş yayılmış formatıdır. Kitab təsvirlərlə birlikdə çap versiyasına bənzəyir. Özündə interaktiv mündəricat saxlayır.,https://mukitob.com/books/az/download.php?id_book=24&f=pdf,4
mukitob,az,mukitob:az:24,24,Sənin Zirvələrinə yol,rtf,59Mb,rtf (59Mb),"RTF - qurğuların əksəriyyətində dəstəklənən universal mətn formatıdır. Özündə formalaşdırmanı, təsvirləri, hyperlink, istinadlar saxlayır.",https://mukitob.com/books/az/download.php?id_book=24&f=rtf,5
mukitob,az,mukitob:az:24,24,Sənin Zirvələrinə yol,txt,673Kb,txt (673Kb),"TXT - ən sadə formatdır. Məlumat mətn şəklində formalaşdırılmadan, təsvirsiz və hiperlinksiz təqdim olunur. İstənilən qurğuda açılır.",https://mukitob.com/books/az/download.php?id_book=24&f=txt,6
mukitob,az,mukitob:az:25,25,Müqəddəs kitabda nikahın surəti,docx,193Kb,docx (193Kb),"DOCX - Microsoft Word proqramında yaradılmış müasir mətn formatıdır. Özündə formalaşdırmanı, təsvirləri, hyperlink, istinadlar saxlayır.",https://mukitob.com/books/az/download.php?id_book=25&f=docx,1
mukitob,az,mukitob:az:25,25,Müqəddəs kitabda nikahın surəti,epub,946Kb,epub (946Kb),"EPUB - Apple (iPad, iPod, iPhone) firması və Android əsaslı qurğular üçün optimal formatdır. Bura interaktiv mündəricat, təsvirlər, istinadlar daxildir.",https://mukitob.com/books/az/download.php?id_book=25&f=epub,2
mukitob,az,mukitob:az:25,25,Müqəddəs kitabda nikahın surəti,fb2,372Kb,fb2 (372Kb),"FB2 - elektron kitabların oxunması üçün qurğuların və proqramların məşhur formatıdır. Bura interaktiv mündəricat, təsvirlər, istinadlar daxildir.",https://mukitob.com/books/az/download.php?id_book=25&f=fb2,3
mukitob,az,mukitob:az:25,25,Müqəddəs kitabda nikahın surəti,pdf,735Kb,pdf (735Kb),PDF - Adobe Systems-in geniş yayılmış formatıdır. Kitab təsvirlərlə birlikdə çap versiyasına bənzəyir. Özündə interaktiv mündəricat saxlayır.,https://mukitob.com/books/az/download.php?id_book=25&f=pdf,4
mukitob,az,mukitob:az:25,25,Müqəddəs kitabda nikahın surəti,rtf,4Mb,rtf (4Mb),"RTF - qurğuların əksəriyyətində dəstəklənən universal mətn formatıdır. Özündə formalaşdırmanı, təsvirləri, hyperlink, istinadlar saxlayır.",https://mukitob.com/books/az/download.php?id_book=25&f=rtf,5
mukitob,az,mukitob:az:25,25,Müqəddəs kitabda nikahın surəti,txt,367Kb,txt (367Kb),"TXT - ən sadə formatdır. Məlumat mətn şəklində formalaşdırılmadan, təsvirsiz və hiperlinksiz təqdim olunur. İstənilən qurğuda açılır.",https://mukitob.com/books/az/download.php?id_book=25&f=txt,6
mukitob,az,mukitob:az:26,26,Bu insanlar kimdir?,docx,268Kb,docx (268Kb),"DOCX - Microsoft Word proqramında yaradılmış müasir mətn formatıdır. Özündə formalaşdırmanı, təsvirləri, hyperlink, istinadlar saxlayır.",https://mukitob.com/books/az/download.php?id_book=26&f=docx,1
mukitob,az,mukitob:az:26,26,Bu insanlar kimdir?,epub,1Mb,epub (1Mb),"EPUB - Apple (iPad, iPod, iPhone) firması və Android əsaslı qurğular üçün optimal formatdır. Bura interaktiv mündəricat, təsvirlər, istinadlar daxildir.",https://mukitob.com/books/az/download.php?id_book=26&f=epub,2
mukitob,az,mukitob:az:26,26,Bu insanlar kimdir?,fb2,538Kb,fb2 (538Kb),"FB2 - elektron kitabların oxunması üçün qurğuların və proqramların məşhur formatıdır. Bura interaktiv mündəricat, təsvirlər, istinadlar daxildir.",https://mukitob.com/books/az/download.php?id_book=26&f=fb2,3
mukitob,az,mukitob:az:26,26,Bu insanlar kimdir?,pdf,2Mb,pdf (2Mb),PDF - Adobe Systems-in geniş yayılmış formatıdır. Kitab təsvirlərlə birlikdə çap versiyasına bənzəyir. Özündə interaktiv mündəricat saxlayır.,https://mukitob.com/books/az/download.php?id_book=26&f=pdf,4
mukitob,az,mukitob:az:26,26,Bu insanlar kimdir?,rtf,7Mb,rtf (7Mb),"RTF - qurğuların əksəriyyətində dəstəklənən universal mətn formatıdır. Özündə formalaşdırmanı, təsvirləri, hyperlink, istinadlar saxlayır.",https://mukitob.com/books/az/download.php?id_book=26&f=rtf,5
mukitob,az,mukitob:az:26,26,Bu insanlar kimdir?,txt,691Kb,txt (691Kb),"TXT - ən sadə formatdır. Məlumat mətn şəklində formalaşdırılmadan, təsvirsiz və hiperlinksiz təqdim olunur. İstənilən qurğuda açılır.",https://mukitob.com/books/az/download.php?id_book=26&f=txt,6
mukitob,az,mukitob:az:27,27,Bu insanlar kimdir? 2,docx,267Kb,docx (267Kb),"DOCX - Microsoft Word proqramında yaradılmış müasir mətn formatıdır. Özündə formalaşdırmanı, təsvirləri, hyperlink, istinadlar saxlayır.",https://mukitob.com/books/az/download.php?id_book=27&f=docx,1
mukitob,az,mukitob:az:27,27,Bu insanlar kimdir? 2,epub,1Mb,epub (1Mb),"EPUB - Apple (iPad, iPod, iPhone) firması və Android əsaslı qurğular üçün optimal formatdır. Bura interaktiv mündəricat, təsvirlər, istinadlar daxildir.",https://mukitob.com/books/az/download.php?id_book=27&f=epub,2
mukitob,az,mukitob:az:27,27,Bu insanlar kimdir? 2,fb2,611Kb,fb2 (611Kb),"FB2 - elektron kitabların oxunması üçün qurğuların və proqramların məşhur formatıdır. Bura interaktiv mündəricat, təsvirlər, istinadlar daxildir.",https://mukitob.com/books/az/download.php?id_book=27&f=fb2,3
mukitob,az,mukitob:az:27,27,Bu insanlar kimdir? 2,pdf,8Mb,pdf (8Mb),PDF - Adobe Systems-in geniş yayılmış formatıdır. Kitab təsvirlərlə birlikdə çap versiyasına bənzəyir. Özündə interaktiv mündəricat saxlayır.,https://mukitob.com/books/az/download.php?id_book=27&f=pdf,4
mukitob,az,mukitob:az:27,27,Bu insanlar kimdir? 2,rtf,7Mb,rtf (7Mb),"RTF - qurğuların əksəriyyətində dəstəklənən universal mətn formatıdır. Özündə formalaşdırmanı, təsvirləri, hyperlink, istinadlar saxlayır.",https://mukitob.com/books/az/download.php?id_book=27&f=rtf,5
mukitob,az,mukitob:az:27,27,Bu insanlar kimdir? 2,txt,710Kb,txt (710Kb),"TXT - ən sadə formatdır. Məlumat mətn şəklində formalaşdırılmadan, təsvirsiz və hiperlinksiz təqdim olunur. İstənilən qurğuda açılır.",https://mukitob.com/books/az/download.php?id_book=27&f=txt,6
mukitob,az,mukitob:az:28,28,Nikahda xoşbəxtliyin 10 qaydası,docx,600Kb,docx (600Kb),"DOCX - Microsoft Word proqramında yaradılmış müasir mətn formatıdır. Özündə formalaşdırmanı, təsvirləri, hyperlink, istinadlar saxlayır.",https://mukitob.com/books/az/download.php?id_book=28&f=docx,1
mukitob,az,mukitob:az:28,28,Nikahda xoşbəxtliyin 10 qaydası,epub,919Kb,epub (919Kb),"EPUB - Apple (iPad, iPod, iPhone) firması və Android əsaslı qurğular üçün optimal formatdır. Bura interaktiv mündəricat, təsvirlər, istinadlar daxildir.",https://mukitob.com/books/az/download.php?id_book=28&f=epub,2
mukitob,az,mukitob:az:28,28,Nikahda xoşbəxtliyin 10 qaydası,fb2,928Kb,fb2 (928Kb),"FB2 - elektron kitabların oxunması üçün qurğuların və proqramların məşhur formatıdır. Bura interaktiv mündəricat, təsvirlər, istinadlar daxildir.",https://mukitob.com/books/az/download.php?id_book=28&f=fb2,3
mukitob,az,mukitob:az:28,28,Nikahda xoşbəxtliyin 10 qaydası,pdf,1Mb,pdf (1Mb),PDF - Adobe Systems-in geniş yayılmış formatıdır. Kitab təsvirlərlə birlikdə çap versiyasına bənzəyir. Özündə interaktiv mündəricat saxlayır.,https://mukitob.com/books/az/download.php?id_book=28&f=pdf,4
mukitob,az,mukitob:az:28,28,Nikahda xoşbəxtliyin 10 qaydası,rtf,8Mb,rtf (8Mb),"RTF - qurğuların əksəriyyətində dəstəklənən universal mətn formatıdır. Özündə formalaşdırmanı, təsvirləri, hyperlink, istinadlar saxlayır.",https://mukitob.com/books/az/download.php?id_book=28&f=rtf,5
mukitob,az,mukitob:az:28,28,Nikahda xoşbəxtliyin 10 qaydası,txt,339Kb,txt (339Kb),"TXT - ən sadə formatdır. Məlumat mətn şəklində formalaşdırılmadan, təsvirsiz və hiperlinksiz təqdim olunur. İstənilən qurğuda açılır.",https://mukitob.com/books/az/download.php?id_book=28&f=txt,6
mukitob,az,mukitob:az:29,29,Atanın 10 vəzifəsi,docx,630Kb,docx (630Kb),"DOCX - Microsoft Word proqramında yaradılmış müasir mətn formatıdır. Özündə formalaşdırmanı, təsvirləri, hyperlink, istinadlar saxlayır.",https://mukitob.com/books/az/download.php?id_book=29&f=docx,1
mukitob,az,mukitob:az:29,29,Atanın 10 vəzifəsi,epub,926Kb,epub (926Kb),"EPUB - Apple (iPad, iPod, iPhone) firması və Android əsaslı qurğular üçün optimal formatdır. Bura interaktiv mündəricat, təsvirlər, istinadlar daxildir.",https://mukitob.com/books/az/download.php?id_book=29&f=epub,2
mukitob,az,mukitob:az:29,29,Atanın 10 vəzifəsi,fb2,957Kb,fb2 (957Kb),"FB2 - elektron kitabların oxunması üçün qurğuların və proqramların məşhur formatıdır. Bura interaktiv mündəricat, təsvirlər, istinadlar daxildir.",https://mukitob.com/books/az/download.php?id_book=29&f=fb2,3
mukitob,az,mukitob:az:29,29,Atanın 10 vəzifəsi,pdf,1Mb,pdf (1Mb),PDF - Adobe Systems-in geniş yayılmış formatıdır. Kitab təsvirlərlə birlikdə çap versiyasına bənzəyir. Özündə interaktiv mündəricat saxlayır.,https://mukitob.com/books/az/download.php?id_book=29&f=pdf,4
mukitob,az,mukitob:az:29,29,Atanın 10 vəzifəsi,rtf,9Mb,rtf (9Mb),"RTF - qurğuların əksəriyyətində dəstəklənən universal mətn formatıdır. Özündə formalaşdırmanı, təsvirləri, hyperlink, istinadlar saxlayır.",https://mukitob.com/books/az/download.php?id_book=29&f=rtf,5
mukitob,az,mukitob:az:29,29,Atanın 10 vəzifəsi,txt,345Kb,txt (345Kb),"TXT - ən sadə formatdır. Məlumat mətn şəklində formalaşdırılmadan, təsvirsiz və hiperlinksiz təqdim olunur. İstənilən qurğuda açılır.",https://mukitob.com/books/az/download.php?id_book=29&f=txt,6
mukitob,az,mukitob:az:30,30,Qızıl ürək,docx,7Mb,docx (7Mb),"DOCX - Microsoft Word proqramında yaradılmış müasir mətn formatıdır. Özündə formalaşdırmanı, təsvirləri, hyperlink, istinadlar saxlayır.",https://mukitob.com/books/az/download.php?id_book=30&f=docx,1
mukitob,az,mukitob:az:30,30,Qızıl ürək,epub,2Mb,epub (2Mb),"EPUB - Apple (iPad, iPod, iPhone) firması və Android əsaslı qurğular üçün optimal formatdır. Bura interaktiv mündəricat, təsvirlər, istinadlar daxildir.",https://mukitob.com/books/az/download.php?id_book=30&f=epub,2
mukitob,az,mukitob:az:30,30,Qızıl ürək,fb2,2Mb,fb2 (2Mb),"FB2 - elektron kitabların oxunması üçün qurğuların və proqramların məşhur formatıdır. Bura interaktiv mündəricat, təsvirlər, istinadlar daxildir.",https://mukitob.com/books/az/download.php?id_book=30&f=fb2,3
mukitob,az,mukitob:az:30,30,Qızıl ürək,pdf,3Mb,pdf (3Mb),PDF - Adobe Systems-in geniş yayılmış formatıdır. Kitab təsvirlərlə birlikdə çap versiyasına bənzəyir. Özündə interaktiv mündəricat saxlayır.,https://mukitob.com/books/az/download.php?id_book=30&f=pdf,4
mukitob,az,mukitob:az:30,30,Qızıl ürək,rtf,144Mb,rtf (144Mb),"RTF - qurğuların əksəriyyətində dəstəklənən universal mətn formatıdır. Özündə formalaşdırmanı, təsvirləri, hyperlink, istinadlar saxlayır.",https://mukitob.com/books/az/download.php?id_book=30&f=rtf,5
mukitob,az,mukitob:az:30,30,Qızıl ürək,txt,167Kb,txt (167Kb),"TXT - ən sadə formatdır. Məlumat mətn şəklində formalaşdırılmadan, təsvirsiz və hiperlinksiz təqdim olunur. İstənilən qurğuda açılır.",https://mukitob.com/books/az/download.php?id_book=30&f=txt,6
mukitob,az,mukitob:az:31,31,AÇIQ-AYDIN FAKTLAR,docx,499Kb,docx (499Kb),"DOCX - Microsoft Word proqramında yaradılmış müasir mətn formatıdır. Özündə formalaşdırmanı, təsvirləri, hyperlink, istinadlar saxlayır.",https://mukitob.com/books/az/download.php?id_book=31&f=docx,1
mukitob,az,mukitob:az:31,31,AÇIQ-AYDIN FAKTLAR,fb2,806Kb,fb2 (806Kb),"FB2 - elektron kitabların oxunması üçün qurğuların və proqramların məşhur formatıdır. Bura interaktiv mündəricat, təsvirlər, istinadlar daxildir.",https://mukitob.com/books/az/download.php?id_book=31&f=fb2,2
mukitob,az,mukitob:az:31,31,AÇIQ-AYDIN FAKTLAR,pdf,1Mb,pdf (1Mb),PDF - Adobe Systems-in geniş yayılmış formatıdır. Kitab təsvirlərlə birlikdə çap versiyasına bənzəyir. Özündə interaktiv mündəricat saxlayır.,https://mukitob.com/books/az/download.php?id_book=31&f=pdf,3
mukitob,az,mukitob:az:31,31,AÇIQ-AYDIN FAKTLAR,rtf,6Mb,rtf (6Mb),"RTF - qurğuların əksəriyyətində dəstəklənən universal mətn formatıdır. Özündə formalaşdırmanı, təsvirləri, hyperlink, istinadlar saxlayır.",https://mukitob.com/books/az/download.php?id_book=31&f=rtf,4
mukitob,az,mukitob:az:31,31,AÇIQ-AYDIN FAKTLAR,txt,241Kb,txt (241Kb),"TXT - ən sadə formatdır. Məlumat mətn şəklində formalaşdırılmadan, təsvirsiz və hiperlinksiz təqdim olunur. İstənilən qurğuda açılır.",https://mukitob.com/books/az/download.php?id_book=31&f=txt,5
mukitob,az,mukitob:az:31,31,AÇIQ-AYDIN FAKTLAR,epub,640Kb,epub (640Kb),"EPUB - Apple (iPad, iPod, iPhone) firması və Android əsaslı qurğular üçün optimal formatdır. Bura interaktiv mündəricat, təsvirlər, istinadlar daxildir.",https://mukitob.com/books/az/download.php?id_book=31&f=epub,6
mukitob,az,mukitob:az:32,32,YENİYETMƏ İLƏ AÇIQ SÖHBƏT,docx,587Kb,docx (587Kb),"DOCX - Microsoft Word proqramında yaradılmış müasir mətn formatıdır. Özündə formalaşdırmanı, təsvirləri, hyperlink, istinadlar saxlayır.",https://mukitob.com/books/az/download.php?id_book=32&f=docx,1
mukitob,az,mukitob:az:32,32,YENİYETMƏ İLƏ AÇIQ SÖHBƏT,epub,675Kb,epub (675Kb),"EPUB - Apple (iPad, iPod, iPhone) firması və Android əsaslı qurğular üçün optimal formatdır. Bura interaktiv mündəricat, təsvirlər, istinadlar daxildir.",https://mukitob.com/books/az/download.php?id_book=32&f=epub,2
mukitob,az,mukitob:az:32,32,YENİYETMƏ İLƏ AÇIQ SÖHBƏT,fb2,943Kb,fb2 (943Kb),"FB2 - elektron kitabların oxunması üçün qurğuların və proqramların məşhur formatıdır. Bura interaktiv mündəricat, təsvirlər, istinadlar daxildir.",https://mukitob.com/books/az/download.php?id_book=32&f=fb2,3
mukitob,az,mukitob:az:32,32,YENİYETMƏ İLƏ AÇIQ SÖHBƏT,pdf,2Mb,pdf (2Mb),PDF - Adobe Systems-in geniş yayılmış formatıdır. Kitab təsvirlərlə birlikdə çap versiyasına bənzəyir. Özündə interaktiv mündəricat saxlayır.,https://mukitob.com/books/az/download.php?id_book=32&f=pdf,4
mukitob,az,mukitob:az:32,32,YENİYETMƏ İLƏ AÇIQ SÖHBƏT,rtf,6Mb,rtf (6Mb),"RTF - qurğuların əksəriyyətində dəstəklənən universal mətn formatıdır. Özündə formalaşdırmanı, təsvirləri, hyperlink, istinadlar saxlayır.",https://mukitob.com/books/az/download.php?id_book=32&f=rtf,5
mukitob,az,mukitob:az:32,32,YENİYETMƏ İLƏ AÇIQ SÖHBƏT,txt,289Kb,txt (289Kb),"TXT - ən sadə formatdır. Məlumat mətn şəklində formalaşdırılmadan, təsvirsiz və hiperlinksiz təqdim olunur. İstənilən qurğuda açılır.",https://mukitob.com/books/az/download.php?id_book=32&f=txt,6
mukitob,az,mukitob:az:33,33,MÜNAQİŞƏLƏR,docx,293Kb,docx (293Kb),"DOCX - Microsoft Word proqramında yaradılmış müasir mətn formatıdır. Özündə formalaşdırmanı, təsvirləri, hyperlink, istinadlar saxlayır.",https://mukitob.com/books/az/download.php?id_book=33&f=docx,1
mukitob,az,mukitob:az:33,33,MÜNAQİŞƏLƏR,epub,514Kb,epub (514Kb),"EPUB - Apple (iPad, iPod, iPhone) firması və Android əsaslı qurğular üçün optimal formatdır. Bura interaktiv mündəricat, təsvirlər, istinadlar daxildir.",https://mukitob.com/books/az/download.php?id_book=33&f=epub,2
mukitob,az,mukitob:az:33,33,MÜNAQİŞƏLƏR,fb2,410Kb,fb2 (410Kb),"FB2 - elektron kitabların oxunması üçün qurğuların və proqramların məşhur formatıdır. Bura interaktiv mündəricat, təsvirlər, istinadlar daxildir.",https://mukitob.com/books/az/download.php?id_book=33&f=fb2,3
mukitob,az,mukitob:az:33,33,MÜNAQİŞƏLƏR,pdf,1Mb,pdf (1Mb),PDF - Adobe Systems-in geniş yayılmış formatıdır. Kitab təsvirlərlə birlikdə çap versiyasına bənzəyir. Özündə interaktiv mündəricat saxlayır.,https://mukitob.com/books/az/download.php?id_book=33&f=pdf,4
mukitob,az,mukitob:az:33,33,MÜNAQİŞƏLƏR,rtf,5Mb,rtf (5Mb),"RTF - qurğuların əksəriyyətində dəstəklənən universal mətn formatıdır. Özündə formalaşdırmanı, təsvirləri, hyperlink, istinadlar saxlayır.",https://mukitob.com/books/az/download.php?id_book=33&f=rtf,5
mukitob,az,mukitob:az:33,33,MÜNAQİŞƏLƏR,txt,62Kb,txt (62Kb),"TXT - ən sadə formatdır. Məlumat mətn şəklində formalaşdırılmadan, təsvirsiz və hiperlinksiz təqdim olunur. İstənilən qurğuda açılır.",https://mukitob.com/books/az/download.php?id_book=33&f=txt,6
mukitob,az,mukitob:az:34,34,YAXIN ADAMIN ÖLÜMÜ,docx,295Kb,docx (295Kb),"DOCX - Microsoft Word proqramında yaradılmış müasir mətn formatıdır. Özündə formalaşdırmanı, təsvirləri, hyperlink, istinadlar saxlayır.",https://mukitob.com/books/az/download.php?id_book=34&f=docx,1
mukitob,az,mukitob:az:34,34,YAXIN ADAMIN ÖLÜMÜ,epub,554Kb,epub (554Kb),"EPUB - Apple (iPad, iPod, iPhone) firması və Android əsaslı qurğular üçün optimal formatdır. Bura interaktiv mündəricat, təsvirlər, istinadlar daxildir.",https://mukitob.com/books/az/download.php?id_book=34&f=epub,2
mukitob,az,mukitob:az:34,34,YAXIN ADAMIN ÖLÜMÜ,fb2,406Kb,fb2 (406Kb),"FB2 - elektron kitabların oxunması üçün qurğuların və proqramların məşhur formatıdır. Bura interaktiv mündəricat, təsvirlər, istinadlar daxildir.",https://mukitob.com/books/az/download.php?id_book=34&f=fb2,3
mukitob,az,mukitob:az:34,34,YAXIN ADAMIN ÖLÜMÜ,pdf,2Mb,pdf (2Mb),PDF - Adobe Systems-in geniş yayılmış formatıdır. Kitab təsvirlərlə birlikdə çap versiyasına bənzəyir. Özündə interaktiv mündəricat saxlayır.,https://mukitob.com/books/az/download.php?id_book=34&f=pdf,4
mukitob,az,mukitob:az:34,34,YAXIN ADAMIN ÖLÜMÜ,rtf,5Mb,rtf (5Mb),"RTF - qurğuların əksəriyyətində dəstəklənən universal mətn formatıdır. Özündə formalaşdırmanı, təsvirləri, hyperlink, istinadlar saxlayır.",https://mukitob.com/books/az/download.php?id_book=34&f=rtf,5
mukitob,az,mukitob:az:34,34,YAXIN ADAMIN ÖLÜMÜ,txt,51Kb,txt (51Kb),"TXT - ən sadə formatdır. Məlumat mətn şəklində formalaşdırılmadan, təsvirsiz və hiperlinksiz təqdim olunur. İstənilən qurğuda açılır.",https://mukitob.com/books/az/download.php?id_book=34&f=txt,6
mukitob,az,mukitob:az:35,35,VALİDEYNLƏRİN BOŞANMASI,docx,289Kb,docx (289Kb),"DOCX - Microsoft Word proqramında yaradılmış müasir mətn formatıdır. Özündə formalaşdırmanı, təsvirləri, hyperlink, istinadlar saxlayır.",https://mukitob.com/books/az/download.php?id_book=35&f=docx,1
mukitob,az,mukitob:az:35,35,VALİDEYNLƏRİN BOŞANMASI,epub,559Kb,epub (559Kb),"EPUB - Apple (iPad, iPod, iPhone) firması və Android əsaslı qurğular üçün optimal formatdır. Bura interaktiv mündəricat, təsvirlər, istinadlar daxildir.",https://mukitob.com/books/az/download.php?id_book=35&f=epub,2
mukitob,az,mukitob:az:35,35,VALİDEYNLƏRİN BOŞANMASI,fb2,403Kb,fb2 (403Kb),"FB2 - elektron kitabların oxunması üçün qurğuların və proqramların məşhur formatıdır. Bura interaktiv mündəricat, təsvirlər, istinadlar daxildir.",https://mukitob.com/books/az/download.php?id_book=35&f=fb2,3
mukitob,az,mukitob:az:35,35,VALİDEYNLƏRİN BOŞANMASI,pdf,2Mb,pdf (2Mb),PDF - Adobe Systems-in geniş yayılmış formatıdır. Kitab təsvirlərlə birlikdə çap versiyasına bənzəyir. Özündə interaktiv mündəricat saxlayır.,https://mukitob.com/books/az/download.php?id_book=35&f=pdf,4
mukitob,az,mukitob:az:35,35,VALİDEYNLƏRİN BOŞANMASI,rtf,5Mb,rtf (5Mb),"RTF - qurğuların əksəriyyətində dəstəklənən universal mətn formatıdır. Özündə formalaşdırmanı, təsvirləri, hyperlink, istinadlar saxlayır.",https://mukitob.com/books/az/download.php?id_book=35&f=rtf,5
mukitob,az,mukitob:az:35,35,VALİDEYNLƏRİN BOŞANMASI,txt,61Kb,txt (61Kb),"TXT - ən sadə formatdır. Məlumat mətn şəklində formalaşdırılmadan, təsvirsiz və hiperlinksiz təqdim olunur. İstənilən qurğuda açılır.",https://mukitob.com/books/az/download.php?id_book=35&f=txt,6
mukitob,az,mukitob:az:36,36,ƏSL SEVGİ AXTARIŞINDA,docx,313Kb,docx (313Kb),"DOCX - Microsoft Word proqramında yaradılmış müasir mətn formatıdır. Özündə formalaşdırmanı, təsvirləri, hyperlink, istinadlar saxlayır.",https://mukitob.com/books/az/download.php?id_book=36&f=docx,1
mukitob,az,mukitob:az:36,36,ƏSL SEVGİ AXTARIŞINDA,epub,537Kb,epub (537Kb),"EPUB - Apple (iPad, iPod, iPhone) firması və Android əsaslı qurğular üçün optimal formatdır. Bura interaktiv mündəricat, təsvirlər, istinadlar daxildir.",https://mukitob.com/books/az/download.php?id_book=36&f=epub,2
mukitob,az,mukitob:az:36,36,ƏSL SEVGİ AXTARIŞINDA,fb2,435Kb,fb2 (435Kb),"FB2 - elektron kitabların oxunması üçün qurğuların və proqramların məşhur formatıdır. Bura interaktiv mündəricat, təsvirlər, istinadlar daxildir.",https://mukitob.com/books/az/download.php?id_book=36&f=fb2,3
mukitob,az,mukitob:az:36,36,ƏSL SEVGİ AXTARIŞINDA,pdf,2Mb,pdf (2Mb),PDF - Adobe Systems-in geniş yayılmış formatıdır. Kitab təsvirlərlə birlikdə çap versiyasına bənzəyir. Özündə interaktiv mündəricat saxlayır.,https://mukitob.com/books/az/download.php?id_book=36&f=pdf,4
mukitob,az,mukitob:az:36,36,ƏSL SEVGİ AXTARIŞINDA,rtf,5Mb,rtf (5Mb),"RTF - qurğuların əksəriyyətində dəstəklənən universal mətn formatıdır. Özündə formalaşdırmanı, təsvirləri, hyperlink, istinadlar saxlayır.",https://mukitob.com/books/az/download.php?id_book=36&f=rtf,5
mukitob,az,mukitob:az:36,36,ƏSL SEVGİ AXTARIŞINDA,txt,59Kb,txt (59Kb),"TXT - ən sadə formatdır. Məlumat mətn şəklində formalaşdırılmadan, təsvirsiz və hiperlinksiz təqdim olunur. İstənilən qurğuda açılır.",https://mukitob.com/books/az/download.php?id_book=36&f=txt,6
mukitob,az,mukitob:az:37,37,ALLAHIN İRADƏSİNİ AXTARMAQ,docx,309Kb,docx (309Kb),"DOCX - Microsoft Word proqramında yaradılmış müasir mətn formatıdır. Özündə formalaşdırmanı, təsvirləri, hyperlink, istinadlar saxlayır.",https://mukitob.com/books/az/download.php?id_book=37&f=docx,1
mukitob,az,mukitob:az:37,37,ALLAHIN İRADƏSİNİ AXTARMAQ,epub,523Kb,epub (523Kb),"EPUB - Apple (iPad, iPod, iPhone) firması və Android əsaslı qurğular üçün optimal formatdır. Bura interaktiv mündəricat, təsvirlər, istinadlar daxildir.",https://mukitob.com/books/az/download.php?id_book=37&f=epub,2
mukitob,az,mukitob:az:37,37,ALLAHIN İRADƏSİNİ AXTARMAQ,fb2,429Kb,fb2 (429Kb),"FB2 - elektron kitabların oxunması üçün qurğuların və proqramların məşhur formatıdır. Bura interaktiv mündəricat, təsvirlər, istinadlar daxildir.",https://mukitob.com/books/az/download.php?id_book=37&f=fb2,3
mukitob,az,mukitob:az:37,37,ALLAHIN İRADƏSİNİ AXTARMAQ,pdf,2Mb,pdf (2Mb),PDF - Adobe Systems-in geniş yayılmış formatıdır. Kitab təsvirlərlə birlikdə çap versiyasına bənzəyir. Özündə interaktiv mündəricat saxlayır.,https://mukitob.com/books/az/download.php?id_book=37&f=pdf,4
mukitob,az,mukitob:az:37,37,ALLAHIN İRADƏSİNİ AXTARMAQ,rtf,5Mb,rtf (5Mb),"RTF - qurğuların əksəriyyətində dəstəklənən universal mətn formatıdır. Özündə formalaşdırmanı, təsvirləri, hyperlink, istinadlar saxlayır.",https://mukitob.com/books/az/download.php?id_book=37&f=rtf,5
mukitob,az,mukitob:az:37,37,ALLAHIN İRADƏSİNİ AXTARMAQ,txt,57Kb,txt (57Kb),"TXT - ən sadə formatdır. Məlumat mətn şəklində formalaşdırılmadan, təsvirsiz və hiperlinksiz təqdim olunur. İstənilən qurğuda açılır.",https://mukitob.com/books/az/download.php?id_book=37&f=txt,6
mukitob,az,mukitob:az:38,38,PLANLAŞDIRILMAMIŞ HAMİLƏLİK,docx,350Kb,docx (350Kb),"DOCX - Microsoft Word proqramında yaradılmış müasir mətn formatıdır. Özündə formalaşdırmanı, təsvirləri, hyperlink, istinadlar saxlayır.",https://mukitob.com/books/az/download.php?id_book=38&f=docx,1
mukitob,az,mukitob:az:38,38,PLANLAŞDIRILMAMIŞ HAMİLƏLİK,epub,569Kb,epub (569Kb),"EPUB - Apple (iPad, iPod, iPhone) firması və Android əsaslı qurğular üçün optimal formatdır. Bura interaktiv mündəricat, təsvirlər, istinadlar daxildir.",https://mukitob.com/books/az/download.php?id_book=38&f=epub,2
mukitob,az,mukitob:az:38,38,PLANLAŞDIRILMAMIŞ HAMİLƏLİK,fb2,482Kb,fb2 (482Kb),"FB2 - elektron kitabların oxunması üçün qurğuların və proqramların məşhur formatıdır. Bura interaktiv mündəricat, təsvirlər, istinadlar daxildir.",https://mukitob.com/books/az/download.php?id_book=38&f=fb2,3
mukitob,az,mukitob:az:38,38,PLANLAŞDIRILMAMIŞ HAMİLƏLİK,pdf,2Mb,pdf (2Mb),PDF - Adobe Systems-in geniş yayılmış formatıdır. Kitab təsvirlərlə birlikdə çap versiyasına bənzəyir. Özündə interaktiv mündəricat saxlayır.,https://mukitob.com/books/az/download.php?id_book=38&f=pdf,4
mukitob,az,mukitob:az:38,38,PLANLAŞDIRILMAMIŞ HAMİLƏLİK,rtf,5Mb,rtf (5Mb),"RTF - qurğuların əksəriyyətində dəstəklənən universal mətn formatıdır. Özündə formalaşdırmanı, təsvirləri, hyperlink, istinadlar saxlayır.",https://mukitob.com/books/az/download.php?id_book=38&f=rtf,5
mukitob,az,mukitob:az:38,38,PLANLAŞDIRILMAMIŞ HAMİLƏLİK,txt,56Kb,txt (56Kb),"TXT - ən sadə formatdır. Məlumat mətn şəklində formalaşdırılmadan, təsvirsiz və hiperlinksiz təqdim olunur. İstənilən qurğuda açılır.",https://mukitob.com/books/az/download.php?id_book=38&f=txt,6
mukitob,az,mukitob:az:39,39,CİNSİ TƏCAVÜZ,docx,50Kb,docx (50Kb),"DOCX - Microsoft Word proqramında yaradılmış müasir mətn formatıdır. Özündə formalaşdırmanı, təsvirləri, hyperlink, istinadlar saxlayır.",https://mukitob.com/books/az/download.php?id_book=39&f=docx,1
mukitob,az,mukitob:az:39,39,CİNSİ TƏCAVÜZ,epub,877Kb,epub (877Kb),"EPUB - Apple (iPad, iPod, iPhone) firması və Android əsaslı qurğular üçün optimal formatdır. Bura interaktiv mündəricat, təsvirlər, istinadlar daxildir.",https://mukitob.com/books/az/download.php?id_book=39&f=epub,2
mukitob,az,mukitob:az:39,39,CİNSİ TƏCAVÜZ,fb2,138Kb,fb2 (138Kb),"FB2 - elektron kitabların oxunması üçün qurğuların və proqramların məşhur formatıdır. Bura interaktiv mündəricat, təsvirlər, istinadlar daxildir.",https://mukitob.com/books/az/download.php?id_book=39&f=fb2,3
mukitob,az,mukitob:az:39,39,CİNSİ TƏCAVÜZ,pdf,1Mb,pdf (1Mb),PDF - Adobe Systems-in geniş yayılmış formatıdır. Kitab təsvirlərlə birlikdə çap versiyasına bənzəyir. Özündə interaktiv mündəricat saxlayır.,https://mukitob.com/books/az/download.php?id_book=39&f=pdf,4
mukitob,az,mukitob:az:39,39,CİNSİ TƏCAVÜZ,rtf,259Kb,rtf (259Kb),"RTF - qurğuların əksəriyyətində dəstəklənən universal mətn formatıdır. Özündə formalaşdırmanı, təsvirləri, hyperlink, istinadlar saxlayır.",https://mukitob.com/books/az/download.php?id_book=39&f=rtf,5
mukitob,az,mukitob:az:39,39,CİNSİ TƏCAVÜZ,txt,97Kb,txt (97Kb),"TXT - ən sadə formatdır. Məlumat mətn şəklində formalaşdırılmadan, təsvirsiz və hiperlinksiz təqdim olunur. İstənilən qurğuda açılır.",https://mukitob.com/books/az/download.php?id_book=39&f=txt,6
mukitob,az,mukitob:az:40,40,İNTİHAR HAQQINDA DÜŞÜNCƏLƏR,docx,47Kb,docx (47Kb),"DOCX - Microsoft Word proqramında yaradılmış müasir mətn formatıdır. Özündə formalaşdırmanı, təsvirləri, hyperlink, istinadlar saxlayır.",https://mukitob.com/books/az/download.php?id_book=40&f=docx,1
mukitob,az,mukitob:az:40,40,İNTİHAR HAQQINDA DÜŞÜNCƏLƏR,epub,903Kb,epub (903Kb),"EPUB - Apple (iPad, iPod, iPhone) firması və Android əsaslı qurğular üçün optimal formatdır. Bura interaktiv mündəricat, təsvirlər, istinadlar daxildir.",https://mukitob.com/books/az/download.php?id_book=40&f=epub,2
mukitob,az,mukitob:az:40,40,İNTİHAR HAQQINDA DÜŞÜNCƏLƏR,fb2,171Kb,fb2 (171Kb),"FB2 - elektron kitabların oxunması üçün qurğuların və proqramların məşhur formatıdır. Bura interaktiv mündəricat, təsvirlər, istinadlar daxildir.",https://mukitob.com/books/az/download.php?id_book=40&f=fb2,3
mukitob,az,mukitob:az:40,40,İNTİHAR HAQQINDA DÜŞÜNCƏLƏR,pdf,2Mb,pdf (2Mb),PDF - Adobe Systems-in geniş yayılmış formatıdır. Kitab təsvirlərlə birlikdə çap versiyasına bənzəyir. Özündə interaktiv mündəricat saxlayır.,https://mukitob.com/books/az/download.php?id_book=40&f=pdf,4
mukitob,az,mukitob:az:40,40,İNTİHAR HAQQINDA DÜŞÜNCƏLƏR,rtf,1Mb,rtf (1Mb),"RTF - qurğuların əksəriyyətində dəstəklənən universal mətn formatıdır. Özündə formalaşdırmanı, təsvirləri, hyperlink, istinadlar saxlayır.",https://mukitob.com/books/az/download.php?id_book=40&f=rtf,5
mukitob,az,mukitob:az:40,40,İNTİHAR HAQQINDA DÜŞÜNCƏLƏR,txt,95Kb,txt (95Kb),"TXT - ən sadə formatdır. Məlumat mətn şəklində formalaşdırılmadan, təsvirsiz və hiperlinksiz təqdim olunur. İstənilən qurğuda açılır.",https://mukitob.com/books/az/download.php?id_book=40&f=txt,6
